,accu,recall,precison,f1,auc,kappa
0,0.956140350877193,0.9552238805970149,0.9696969696969697,0.9624060150375939,0.9563353445538267,0.9097815764482431
